url	first_seen	portal	title	company	status
https://wayve.firststage.co/jobs?gh_jid=8422175002	2026-04-20	greenhouse-api	Software Integration Engineer (6 months Contract) 	Wayve	added
https://jobs.ashbyhq.com/openai/83002509-5242-4145-a717-b31bcac1d4aa	2026-04-20	websearch-applied-ai	Software Engineer, Applied Emerging Talent (2026)	OpenAI	added
https://jobs.ashbyhq.com/northslope-technologies/7ccd126f-b127-4526-87f1-57408919c30a	2026-04-20	websearch-fde	Forward Deployed Software Engineer - New Grad	Northslope Technologies	added
https://jobs.ashbyhq.com/zapier/83ab14be-cd19-4091-84aa-2aa23833ab7d	2026-04-20	websearch-applied-ai	Applied AI Engineer	Zapier	added
https://jobs.ashbyhq.com/cohere/1fa01a03-9253-4f62-8f10-0fe368b38cb9	2026-04-20	websearch-applied-ai	Applied AI Engineer - Agentic Workflows	Cohere	added
https://jobs.ashbyhq.com/zello/2fa8cd4a-7ddb-40c6-8577-4a004c182e80	2026-04-20	websearch-applied-ai	Applied AI Engineer	Zello	added
https://jobs.ashbyhq.com/ramp/d204e136-2749-42de-82b4-88a0dd352090	2026-04-20	websearch-applied-ai	Applied AI Engineer	Ramp	added
https://jobs.ashbyhq.com/Perplexity/3c656963-876a-458d-bca6-916a42a24c1a	2026-04-20	websearch-applied-ai	AI Engineer, Applied ML	Perplexity	added
https://jobs.ashbyhq.com/auctor/ca5b0c44-cafb-48ad-99fa-84aa3cfc5179	2026-04-20	websearch-applied-ai	Software Engineer, Applied AI	Auctor	added
https://jobs.ashbyhq.com/permitflow/08b96a9a-b344-42cc-8c69-a1c1e0babb90	2026-04-20	websearch-applied-ai	Applied AI Engineer	PermitFlow	added
https://jobs.ashbyhq.com/Edison%20Scientific/ba4ce9e2-972a-4a3d-8f1e-010e62999bf2	2026-04-20	websearch-applied-ai	Applied AI Engineer	Edison Scientific	added
https://jobs.lever.co/palantir/636fc05c-d348-4a06-be51-597cb9e07488	2026-04-20	websearch-fde	Forward Deployed AI Engineer	Palantir	added
https://jobs.lever.co/palantir/dab396d4-2f14-4796-aac0-0d82883dccf0	2026-04-20	websearch-fde	Forward Deployed Software Engineer	Palantir	added
https://jobs.ashbyhq.com/baseten/84c1801c-1a65-49fb-aaaa-beeafd530e7e	2026-04-20	websearch-fde	Forward Deployed Engineer	Baseten	added
https://jobs.ashbyhq.com/relay/0b645cf4-3c04-41e5-a610-c46544b5cec6	2026-04-20	websearch-fde	Forward Deployed Engineer	Relay Technologies	added
https://jobs.lever.co/agiloft/eee3e496-50f3-4495-a54e-852ee56c6bcb	2026-04-20	websearch-fde	Forward Deployed Engineer - AI Solutions	Agiloft	added
https://jobs.ashbyhq.com/truelogic/cee25dcf-9a7f-474b-9724-abb510bc3968	2026-04-20	websearch-fde	Forward Deployed Engineer - Technology	Truelogic	added
https://jobs.ashbyhq.com/generalrobotics/42ae26cc-4e6e-4c33-be7e-8ade29690ac6	2026-04-20	websearch-fde	Forward Deployed Engineer (Robotics)	General Robotics	added
https://job-boards.greenhouse.io/anthropic/jobs/4985877008	2026-04-20	greenhouse-api	Forward Deployed Engineer, Applied AI	Anthropic	added
https://job-boards.greenhouse.io/anthropic/jobs/5192104008	2026-04-20	greenhouse-api	Global Leader, Applied AI Architects, Beneficial Deployments	Anthropic	added
https://job-boards.greenhouse.io/anthropic/jobs/5125083008	2026-04-20	greenhouse-api	Research Engineer, AI Observability	Anthropic	added
https://job-boards.greenhouse.io/anthropic/jobs/5026097008	2026-04-20	greenhouse-api	UI Software Engineer, Claude.ai Consumer Product 	Anthropic	added
https://job-boards.greenhouse.io/intercom/jobs/7820671	2026-04-20	greenhouse-api	AI Infrastructure Engineer	Intercom	added
https://job-boards.greenhouse.io/intercom/jobs/6849119	2026-04-20	greenhouse-api	Solutions Engineer	Intercom	added
https://job-boards.greenhouse.io/intercom/jobs/7593406	2026-04-20	greenhouse-api	Solutions Engineer - LATAM (Portuguese Speaking)	Intercom	added
https://job-boards.eu.greenhouse.io/parloa/jobs/4694431101	2026-04-20	greenhouse-api	Forward Deployed Engineer, DevOps	Parloa	added
https://job-boards.eu.greenhouse.io/parloa/jobs/4799672101	2026-04-20	greenhouse-api	Forward Deployed Engineer, VoIP	Parloa	added
https://jobs.ashbyhq.com/elevenlabs/2451b957-0ece-4e73-88e4-4196aac0ba86	2026-04-20	ashby-api	AI Creative Producer - Ads	ElevenLabs	added
https://jobs.ashbyhq.com/vapi/7adb10b2-1234-4e4c-b132-f990a91de048	2026-04-20	ashby-api	Agent Engineer - NY	Vapi	added
https://job-boards.greenhouse.io/arizeai/jobs/5797408004	2026-04-20	greenhouse-api	AI Solutions Engineer 	Arize AI	added
https://job-boards.greenhouse.io/arizeai/jobs/5781408004	2026-04-20	greenhouse-api	AI Solutions Engineer, EMEA	Arize AI	added
https://job-boards.greenhouse.io/gleanwork/jobs/4591195005	2026-04-20	greenhouse-api	Public Sector Solutions Engineer, SLED	Glean	added
https://job-boards.greenhouse.io/gleanwork/jobs/4501783005	2026-04-20	greenhouse-api	Software Engineer, AI Infrastructure	Glean	added
https://job-boards.greenhouse.io/gleanwork/jobs/4620264005	2026-04-20	greenhouse-api	Strategic Solutions Engineer, East	Glean	added
https://job-boards.greenhouse.io/vercel/jobs/5843010004	2026-04-20	greenhouse-api	Anti-Abuse Automation Engineer	Vercel	added
https://job-boards.greenhouse.io/vercel/jobs/5872425004	2026-04-20	greenhouse-api	Forward Deployed Engineer, v0	Vercel	added
https://job-boards.greenhouse.io/vercel/jobs/5752684004	2026-04-20	greenhouse-api	Forward-Deployed Engineer 	Vercel	added
https://job-boards.greenhouse.io/vercel/jobs/5777645004	2026-04-20	greenhouse-api	GTM Engineer 	Vercel	added
https://job-boards.greenhouse.io/vercel/jobs/5704321004	2026-04-20	greenhouse-api	Software Engineer, Agent	Vercel	added
https://job-boards.greenhouse.io/vercel/jobs/5798406004	2026-04-20	greenhouse-api	Software Engineer, AI Gateway	Vercel	added
https://job-boards.greenhouse.io/vercel/jobs/5474915004	2026-04-20	greenhouse-api	Software Engineer, AI SDK	Vercel	added
https://jobs.ashbyhq.com/langchain/e773649c-4ea7-47c2-9987-74d525474e82	2026-04-20	ashby-api	Deployed Engineer (San Francisco)	LangChain	added
https://jobs.ashbyhq.com/langchain/25d40647-c821-46ff-bf25-bacf21fa38b5	2026-04-20	ashby-api	Deployed Engineer (NYC)	LangChain	added
https://jobs.ashbyhq.com/langchain/1b28dcf7-04c1-4bc1-9e16-d288ce634cd2	2026-04-20	ashby-api	Customer Engineer (Amsterdam)	LangChain	added
https://jobs.ashbyhq.com/langchain/34083fce-1e80-4595-9ce9-76387b735c70	2026-04-20	ashby-api	Deployed Engineer (Boston)	LangChain	added
https://jobs.ashbyhq.com/langchain/3e31c750-67f2-4d3d-ac29-48a2b57cf4bd	2026-04-20	ashby-api	Deployed Engineer (Atlanta)	LangChain	added
https://jobs.ashbyhq.com/langchain/d7454c6d-7025-4e46-befc-e23bedd8f452	2026-04-20	ashby-api	Deployed Engineer (Charlotte)	LangChain	added
https://jobs.ashbyhq.com/langchain/733417d6-7b74-4260-95d9-3cabf85ce0b8	2026-04-20	ashby-api	Deployed Engineer (Raleigh)	LangChain	added
https://jobs.ashbyhq.com/langchain/7ed7ca6f-2b4a-4dcd-8c14-c0f85fcf9ae2	2026-04-20	ashby-api	Deployed Engineer (Seattle)	LangChain	added
https://jobs.lever.co/mistral/d9f2767e-cdab-4e07-9944-20bbc468613d	2026-04-20	lever-api	AI Deployment Strategist, Cybersecurity - Paris	Mistral AI	added
https://jobs.lever.co/mistral/0b476d3a-5f0c-4dda-9a5e-bd5ed8515328	2026-04-20	lever-api	Applied AI, Forward Deployed Machine Learning Engineer - Palo Alto	Mistral AI	added
https://helsing.ai/jobs/4423924101?gh_jid=4423924101	2026-04-20	greenhouse-api	AI Research Engineer - Robotics	Helsing	added
https://helsing.ai/jobs/4372802101?gh_jid=4372802101	2026-04-20	greenhouse-api	AI Research Engineer - Signal Processing	Helsing	added
https://helsing.ai/jobs/4312517101?gh_jid=4312517101	2026-04-20	greenhouse-api	AI Working Student - Computer Vision	Helsing	added
https://jobs.ashbyhq.com/lakera.ai/792d73ef-829e-460b-9d90-f08890a5b6f6	2026-04-20	ashby-api	Solutions Engineer (Italy)	Lakera	added
https://jobs.ashbyhq.com/lovable/56715dbe-a7a3-427d-90c7-338697891f6e	2026-04-20	ashby-api	GTM Engineer	Lovable	added
https://job-boards.greenhouse.io/hightouch/jobs/5535187004	2026-04-20	greenhouse-api	Mid-Market Solutions Engineer	Hightouch	added
https://jobs.ashbyhq.com/legora/f81a4b5e-7ef3-4946-a147-f6c0645e98ca	2026-04-20	ashby-api	Software Engineer (AI Focus)	Legora	added
https://jobs.ashbyhq.com/percepta/bbfe8035-2364-419b-bb36-500aaa542fb2	2026-04-20	websearch-applied-ai	Applied AI Engineer	Percepta	added
https://jobs.ashbyhq.com/vyn/1ee10808-507f-45a8-86b1-0063b11362b2	2026-04-20	websearch-genai	GenAI Engineer	Vyn	added
https://jobs.ashbyhq.com/Wisdom%20AI/4091fbd2-b705-4414-9aef-287d7eb10d71	2026-04-20	websearch-llm	Software Engineer, NLP/Machine Learning	Wisdom AI	added
https://jobs.ashbyhq.com/fastino-ai/478213e2-8cf8-4b68-9be3-9b0523119702	2026-04-20	websearch-llm	ML Engineer - Small Language Models	fastino.ai	added
https://jobs.ashbyhq.com/Hippocratic%20AI/eef8a721-23de-4c20-bff0-56088b39afa0	2026-04-20	websearch-llm	LLM Inference Engineer	Hippocratic AI	added
https://jobs.lever.co/jobgether/136da300-9ef7-4757-9968-32583a09bd96	2026-04-20	websearch-fde	Forward Deployed AI Engineer	Jobgether	added
https://jobs.lever.co/mistral/77f6fd1b-65cf-45d8-9b68-594c62732f62	2026-04-20	websearch-fde	Applied AI, Forward Deployed ML Engineer - EMEA	Mistral AI	added
https://jobs.lever.co/regalvoice/8b25fb05-f3fe-4bb5-89a5-07089f1a45a6	2026-04-20	websearch-fde	AI Forward Deployed Engineer	Regal	added
https://jobs.lever.co/field-ai/6fc39622-b8e9-4aab-804a-b5fc61549dc0	2026-04-20	websearch-fde	Forward Deployed Engineer	FieldAI	added
https://jobs.ashbyhq.com/magical/2c4734af-1ca2-423a-bb4e-29a7da894249	2026-04-20	websearch-newgrad	Junior Software Engineer, AI (New Grad OK)	Magical	added
https://jobs.ashbyhq.com/Distyl/a7674245-72ee-403e-8653-6edfca8a89ce	2026-04-20	websearch-newgrad	AI Engineer (New Graduate)	Distyl AI	added
https://jobs.ashbyhq.com/kikoff/ad87f613-2906-4497-886d-742d9104fc50	2026-04-20	websearch-newgrad	Software Engineer - Recent Grad 2026	Kikoff	added
https://jobs.ashbyhq.com/firecrawl/9837159c-880c-4912-87a9-dfcc2b40ba0a	2026-04-20	websearch-agentic	Software Engineer Agent	Firecrawl	added
https://jobs.ashbyhq.com/quora/6df58d3e-855a-423e-99fd-a56ac8824b34	2026-04-20	websearch-newgrad	AI Engineer New Grad 2025-2026 - Poe (Remote)	Quora	added
https://jobs.ashbyhq.com/quora/cb455a21-e66f-4e21-afdf-4511c6c442d1	2026-04-20	websearch-newgrad	ML Engineer New Grad 2025-2026 - Ads (Remote)	Quora	added
https://jobs.ashbyhq.com/eigen-labs/c02fa001-23c9-4d68-8c0a-e27a742d76a4	2026-04-20	websearch-agentic	Agentic AI Engineer	Eigen Labs	added
https://jobs.ashbyhq.com/superplane/153cfad4-227d-4605-9581-710f4df869e0	2026-04-21	websearch-applied-ai	Applied AI Engineer	SuperPlane	added
https://jobs.ashbyhq.com/salient/5bef27e7-17b3-4ad0-93e0-9e430409acd4	2026-04-21	websearch-applied-ai	Applied AI Engineer	Salient	added
https://jobs.ashbyhq.com/generalintelligencecompany/4bc5d479-3bba-432d-887f-423847aa650a	2026-04-21	websearch-applied-ai	Applied AI Engineer - Agent	General Intelligence Company of NY	added
https://jobs.ashbyhq.com/spaak/d47e53c0-cd11-4b3c-a242-832a9e985a5e	2026-04-21	websearch-llm	Applied LLM Engineer	Spaak Technologies	added
https://boards.greenhouse.io/cordial81/jobs/6972466002	2026-04-21	websearch-genai	Applied AI Engineer, Generative	Cordial	added
https://sumup.com/careers/positions/8340138002?gh_jid=8340138002	2026-04-21	greenhouse-api	Customer Support Agent- DE	SumUp	added
https://job-boards.greenhouse.io/anthropic/jobs/5194810008	2026-04-22	greenhouse-api	Workday Business Systems Analyst, HCM 	Anthropic	added
https://jobs.ashbyhq.com/langchain/3f793a73-9b0d-456b-9a7c-16441e3e6e69	2026-04-22	ashby-api	Deployed Engineer (Denver)	LangChain	added
https://jobs.ashbyhq.com/sierra/d9c0aa93-e35d-4752-9cef-4c39dcad5365	2026-04-22	ashby-api	Forward Deployed Infrastructure Engineer	Sierra	added
https://job-boards.greenhouse.io/hightouch/jobs/5134194004	2026-04-22	greenhouse-api	Enterprise Solutions Engineer, East	Hightouch	added
https://job-boards.greenhouse.io/hightouch/jobs/5530769004	2026-04-22	greenhouse-api	Enterprise Solutions Engineer, West	Hightouch	added
https://job-boards.greenhouse.io/verkada/jobs/5040765007	2026-04-22	websearch-cv	Computer Vision Software Engineer - University Graduate 2026	Verkada	added
https://jobs.lever.co/revealtech/cdb14ea7-9ebb-47a7-a828-967675c239da	2026-04-22	websearch-cv	3D Computer Vision Engineer	Reveal Technology	added
https://jobs.ashbyhq.com/perplexity/1a3df802-9238-4827-ab1f-12a9d1e4b81c	2026-04-22	websearch-rag	Machine Learning Research Engineer	Perplexity	added
https://jobs.ashbyhq.com/mightybot/4338903c-c692-4499-9350-9f72caa7ad0a	2026-04-22	websearch-rag	AI Engineer (RAG/Search)	MightyBot	added
https://jobs.ashbyhq.com/monaco/448aa20c-3119-4166-a2dd-ed11b58327e3	2026-04-22	websearch-rag	AI Engineer (RAG)	Monaco	added
https://jobs.ashbyhq.com/netic/f645d611-ae5f-40cc-bfa8-613286060a76	2026-04-22	websearch-health-ml	Machine Learning Engineer, New Grad	Netic	added
https://jobs.ashbyhq.com/abridge/097490e8-48c6-46e3-a0ce-882151fb4fa2	2026-04-22	websearch-health-ml	Machine Learning Scientist (All Levels)	Abridge	added
https://jobs.ashbyhq.com/healthleap/67700f1d-ddbe-4e5e-938b-0c2d535aab50	2026-04-22	websearch-health-ml	Machine Learning Engineer	HealthLeap	added
https://job-boards.greenhouse.io/anthropic/jobs/5074217008	2026-04-22	websearch-cv	Research Engineer / Research Scientist, Vision	Anthropic	added
https://job-boards.greenhouse.io/perfectserve/jobs/5830849004	2026-04-22	websearch-applied-ai	Software Engineer - Full Stack AI (US-Remote)	PerfectServe	added
https://jobs.ashbyhq.com/writer/d590e2f0-e2fe-4a02-b0e1-14f20777af13	2026-04-22	websearch-ai-pm	AI product manager	Writer	added
https://jobs.ashbyhq.com/oscilar/d32ee038-0f64-406e-a2c8-a83de9fe6b61	2026-04-22	websearch-ai-pm	AI Product Manager	Oscilar	added
https://jobs.ashbyhq.com/Ment/6af78f81-ca51-49bc-a530-974dca9928c6	2026-04-22	websearch-ai-pm	AI Product Manager	Ment	added
https://jobs.ashbyhq.com/zapier/cac70300-4e62-4299-bc34-aab69e7498f4	2026-04-22	websearch-automation	AI Automation Expert	Zapier	added
https://jobs.ashbyhq.com/adaptive-ml/360ea776-27f1-4869-900f-6ebb78267aa2	2026-04-22	websearch-fde	Forward Deployed AI Engineer	Adaptive ML	added
https://jobs.ashbyhq.com/intrinsic-safety/1f7eea06-129d-4cc8-8764-f3a36a5a7426	2026-04-22	websearch-fde	Forward Deployed AI Engineer	Variance	added
https://jobs.ashbyhq.com/hopper/24380cbc-bb55-4c1e-b2dd-4420ae9e3eea	2026-04-22	websearch-fde	Forward Deployed Engineer, HTS Assist	Hopper	added
https://jobs.ashbyhq.com/tavily/ea19ba06-293e-4129-a7db-b4f7ae57a720	2026-04-22	websearch-fde	Forward Deployed Engineer, Partnerships	Tavily	added
https://jobs.ashbyhq.com/auctor/73648a39-a671-469d-aa7d-f7bb8b3b6d46	2026-04-22	websearch-fde	Forward Deployed Engineer	Auctor	added
https://jobs.ashbyhq.com/reflectionai/8b97b583-3cc6-4834-ae2c-d5aecf22ed7d	2026-04-22	websearch-fde	Forward Deployed Engineer	Reflection	added
https://jobs.ashbyhq.com/v7labs.com/c26d2c49-eaae-438c-9aa0-4dafbea315bc	2026-04-22	websearch-fde	AI Forward Deployed Engineer	V7	added
https://jobs.ashbyhq.com/fireworks.ai/da851441-e231-4205-9717-3aa860bed6fe	2026-04-22	websearch-fde	Forward Deployed Engineer	Fireworks AI	added
https://jobs.ashbyhq.com/pareto-ai/911f9f26-cff1-4383-a8d1-a9c243972548	2026-04-22	websearch-fde	Forward Deployed Software Engineer	Pareto.AI	added
https://jobs.ashbyhq.com/fastino-ai/d0fe2e39-6cf2-4972-8266-461bd447468a	2026-04-22	websearch-agentic	AI Engineer	fastino.ai	added
https://jobs.ashbyhq.com/chestnut/075a0010-bfa5-489e-8808-e901df072595	2026-04-22	websearch-agentic	Engineer - Agent Orchestration	Chestnut	added
https://jobs.ashbyhq.com/naptha/e936b1c5-2ecd-453e-a4bc-14c15c5e561a	2026-04-22	websearch-agentic	AI Agent Engineer	Naptha AI	added
https://jobs.ashbyhq.com/tessera-labs/0cb577c2-6cdd-4361-b1af-870ccfc9d792	2026-04-22	websearch-agentic	AI Agent Engineer	Tessera Labs	added
https://job-boards.greenhouse.io/hightouch/jobs/5542602004	2026-04-22	websearch-agentic	Software Engineer, AI Agents	Hightouch	added
https://job-boards.greenhouse.io/corestory/jobs/4984207007	2026-04-22	websearch-ai-engineer	AI Engineer	CoreStory	added
https://job-boards.greenhouse.io/remotepeople/jobs/4843110101	2026-04-22	websearch-ai-engineer	AI Engineer	Remote People	added
https://job-boards.greenhouse.io/caylent/jobs/5973733004	2026-04-22	websearch-fde	Forward Deployed Engineer	Caylent	added
https://job-boards.greenhouse.io/defenseunicorns/jobs/4980238007	2026-04-22	websearch-fde	Forward Deployed AI Engineer	Defense Unicorns	added
https://job-boards.greenhouse.io/rhinofederatedcomputing/jobs/4001057009	2026-04-22	websearch-fde	Forward Deployed Engineer- AI	Rhino Federated Computing	added
https://jobs.ashbyhq.com/decagon/8c40fb7a-5f25-4112-a1df-f1c22b81042c	2026-04-22	websearch-voice-ai	Customer Engineer, Agent Builder	Decagon	added
https://jobs.ashbyhq.com/deepgram/8884965c-8a55-414c-ba86-a52d527f5dff	2026-04-22	websearch-voice-ai	Solutions Engineer, Enterprise	Deepgram	added
https://jobs.ashbyhq.com/livekit/b889ef16-4d5d-4b71-b0a9-682026a0a1ee	2026-04-22	websearch-voice-ai	Forward Deployed Engineer	LiveKit	added
https://jobs.ashbyhq.com/salient/a213eea8-ef18-40cb-b693-67ca3900c7fb	2026-04-22	websearch-voice-ai	Forward Deployed Software Engineer	Salient	added
https://jobs.ashbyhq.com/Known/032dee42-0fd3-47fd-9ca7-90632a4c59f8	2026-04-22	websearch-voice-ai	Conversational AI Engineer, System Prompt	Known	added
https://jobs.ashbyhq.com/synthflow/b0cb2768-ac18-42a3-94b2-5e627f24023c	2026-04-22	websearch-voice-ai	Forward Deployed Engineer	Synthflow AI	added
https://jobs.ashbyhq.com/synthflow/5e7b11f1-b915-46f2-bab4-ec2782118373	2026-04-22	websearch-fde	Forward Deployed Engineer	Synthflow AI	added
https://job-boards.greenhouse.io/xai/jobs/4717376007	2026-04-22	websearch-voice-ai	AI Engineer (Voice) - Enterprise	xAI	added
https://job-boards.greenhouse.io/xai/jobs/4701523007	2026-04-22	websearch-fde	Forward Deployed AI Engineer - Enterprise	xAI	added
https://jobs.ashbyhq.com/Deepgram/4a873ede-8555-42ae-9ddc-ac89afdd7278	2026-04-22	websearch-voice-ai	Software Engineer, Voice Agents / AI	Deepgram	added
https://job-boards.greenhouse.io/labelbox/jobs/4640927007	2026-04-22	websearch-fde	Forward Deployed Engineer	Labelbox	added
https://job-boards.greenhouse.io/assemblyai/jobs/4664024005	2026-04-22	websearch-voice-ai	Applied AI Engineer	AssemblyAI	added
https://www.workatastartup.com/jobs/74608	2026-04-22	websearch-yc-fde	Forward Deployed Engineer	Extend	added
https://www.workatastartup.com/jobs/77473	2026-04-22	websearch-yc-fde	Forward Deployed Engineer [New grads ok]	FurtherAI	added
https://www.workatastartup.com/jobs/87890	2026-04-22	websearch-yc-fde	Forward Deployed AI Engineer (remote)	Dot	added
https://www.workatastartup.com/jobs/74124	2026-04-22	websearch-yc-fde	Founding Forward Deployed Engineer	Strada	added
https://www.workatastartup.com/jobs/79989	2026-04-22	websearch-yc-fde	Founding Forward Deployed Engineer	Novoflow	added
https://www.workatastartup.com/jobs/78325	2026-04-22	websearch-yc-fde	Forward Deployed Engineer	Giga	added
https://www.workatastartup.com/jobs/74510	2026-04-22	websearch-yc-fde	Founding Forward Deployed Engineer	Reform	added
https://www.workatastartup.com/jobs/65171	2026-04-22	websearch-yc-fde	Forward Deployed Software Engineer	Promise	added
https://www.workatastartup.com/jobs/66885	2026-04-22	websearch-yc-fde	Founding Forward Deployed Engineer	Medplum	added
https://jobs.ashbyhq.com/sierra/6a75b530-b7bb-4439-bb67-37b4f2b75b96	2026-04-22	websearch-newgrad	Software Engineer, Agent (New Grad)	Sierra	added
https://jobs.ashbyhq.com/mai/ce652487-8c1e-4cb1-a616-693334798623	2026-04-22	websearch-newgrad	Machine Learning Engineer (New Grad)	MAI	added
https://job-boards.greenhouse.io/sezzle/jobs/7645199003	2026-04-22	websearch-ai-engineer	AI Engineer I (Remote)	Sezzle	added
https://apply.workable.com/rockstar-3/j/09A882D2B1/apply/	2026-04-22	websearch-workable	Applied AI Engineer	Rockstar	added
https://apply.workable.com/rockstar-3/j/BCA5FABEFC/apply/	2026-04-22	websearch-workable	Founding AI Engineer	Rockstar	added
https://himalayas.app/companies/hiflylabs/jobs/ai-engineer-europe	2026-04-22	websearch-himalayas	AI Engineer (Europe Remote)	Hiflylabs	added
https://job-boards.greenhouse.io/loop/jobs/5780584004	2026-04-22	websearch-newgrad	2026 New Grad Software Engineer, AI	Loop	added
https://job-boards.greenhouse.io/togetherai/jobs/4835292007	2026-04-22	websearch-newgrad	Software Engineer - New Grad	Together AI	added
https://job-boards.greenhouse.io/togetherai/jobs/4835315007	2026-04-22	websearch-newgrad	Machine Learning / Research Engineer (New Grad)	Together AI	added
https://job-boards.greenhouse.io/scaleai/jobs/4605996005	2026-04-22	websearch-newgrad	Software Engineer - New Grad	Scale AI	added
https://jobs.lever.co/appen-2/67603849-5e76-426d-84aa-890f5bc1bc1d	2026-04-22	websearch-fde	Forward Deployed Engineer	Appen	added
https://jobs.lever.co/SymmetrySystems/ffd8af3d-b855-4e0d-b158-5e1a8a6e40dd	2026-04-22	websearch-fde	Forward Deployed Engineer (L4)	Symmetry Systems	added
https://jobs.ashbyhq.com/quora/6d5ce948-148e-4b0b-8623-4dbc4517a743	2026-04-22	websearch-newgrad	Software Engineer New Grad 2025-2026 - Data Infrastructure	Quora	added
https://jobs.ashbyhq.com/replit/b5e81eae-06f9-4798-8988-2d06ca936dbc	2026-04-22	websearch-newgrad	Software Engineer - New Grad (Summer 2026)	Replit	added
https://continued.breezy.hr/p/84c16df98c29-ai-engineer-remote	2026-04-22	websearch-small-ats	AI Engineer (Remote)	Continued	added
https://elsa.teamtailor.com/jobs/7340954-ai-engineer-remote	2026-04-22	websearch-small-ats	AI Engineer (Remote)	ELSA	added
https://weassist-io.breezy.hr/p/b566c6f24fd7-internal-ai-engineer	2026-04-22	websearch-small-ats	Internal AI Engineer	WeAssist.io	added
https://appsilon-1739358905.teamtailor.com/jobs/6902765-ai-engineer	2026-04-22	websearch-small-ats	AI Engineer	Appsilon	added
https://kindgeeks.breezy.hr/p/bbc12d89e3c4-trainee-junior-ai-engineer	2026-04-22	websearch-small-ats	Trainee/Junior AI Engineer	Kindgeek	added
https://kindgeeks.breezy.hr/p/f3c9fdb8b9fd-trainee-junior-ai-integrator	2026-04-22	websearch-small-ats	Trainee/Junior AI Integrator	Kindgeek	added
https://jobs.ashbyhq.com/sierra/2dee25a0-a0c1-425e-b67a-9d49fc821369	2026-04-23	ashby-api	TLM, Agent	Sierra	added
https://jobs.lever.co/mistral/c7b7fdfe-a071-4d62-bc15-7bcdff8067e7	2026-04-23	lever-api	Applied AI, Forward Deployed Machine Learning Engineer, Critical and Sovereign Institutions, EMEA	Mistral AI	added
https://careers.salesforce.com/en/jobs/jr312405/ai-forward-deployed-engineer-early-career/	2026-04-23	websearch-level3	AI Forward Deployed Engineer (Early Career)	Salesforce	added
https://www.databricks.com/company/careers/professional-services-operations/ai-engineer---fde-forward-deployed-engineer-8335860002	2026-04-23	websearch-level3	AI Engineer - FDE	Databricks	added
https://jobs.ashbyhq.com/llamaindex/fd7a074f-7d80-44b7-8520-8ac787387e92	2026-04-23	websearch-level3	Multimodal AI Engineer, Document Understanding	LlamaIndex	added
https://www.workatastartup.com/jobs/77473	2026-04-23	websearch-level3	Forward Deployed Engineer (new grads ok)	FurtherAI	added
https://www.workatastartup.com/jobs/73417	2026-04-23	websearch-level3	Founding Forward Deployed AI Engineer	Retell AI	added
https://www.workatastartup.com/jobs/77891	2026-04-23	websearch-level3	Founding Forward Deployed AI/Product Engineer	Synth	added
https://weassist-io.breezy.hr/p/b566c6f24fd7-internal-ai-engineer	2026-04-23	websearch-small-ats	Internal AI Engineer	WeAssist.io	added
https://mechanizedai.breezy.hr/p/6bcfb99640f0-machine-learning-engineer	2026-04-23	websearch-small-ats	Machine Learning Engineer	Mechanized AI	added
https://job-boards.greenhouse.io/anthropic/jobs/5116927008	2026-04-24	greenhouse-api	Applied AI Claude Evangelist, Startups	Anthropic	added
https://job-boards.greenhouse.io/anthropic/jobs/5073277008	2026-04-24	greenhouse-api	Applied AI Engineer, Startups	Anthropic	added
https://job-boards.greenhouse.io/anthropic/jobs/5079562008	2026-04-24	greenhouse-api	Forward Deployed Engineer, Federal Civilian	Anthropic	added
https://job-boards.greenhouse.io/vercel/jobs/5704320004	2026-04-24	greenhouse-api	Software Engineer, Agent	Vercel	added
https://job-boards.greenhouse.io/gleanwork/jobs/4651991005	2026-04-24	greenhouse-api	Founding Forward Deployed Engineer	Glean	added
https://job-boards.greenhouse.io/gleanwork/jobs/4605215005	2026-04-24	greenhouse-api	Machine Learning Engineer, AI Assistant & Autonomous AI Agents	Glean	added
https://job-boards.greenhouse.io/gleanwork/jobs/4669417005	2026-04-24	greenhouse-api	Machine Learning Engineer, LLM Evals & Observability 	Glean	added
https://job-boards.greenhouse.io/gleanwork/jobs/4577381005	2026-04-24	greenhouse-api	Product Designer, AI Products	Glean	added
https://job-boards.greenhouse.io/gleanwork/jobs/4685389005	2026-04-24	greenhouse-api	Public Sector Solutions Engineer, SLED	Glean	added
https://job-boards.greenhouse.io/gleanwork/jobs/4616929005	2026-04-24	greenhouse-api	Software Engineer, Agentic Runtime 	Glean	added
https://job-boards.greenhouse.io/gleanwork/jobs/4605446005	2026-04-24	greenhouse-api	Software Engineer, AI & Security	Glean	added
https://moser-consulting.breezy.hr/p/b137d7157668-ai-engineer-data-engineer	2026-04-24	WebSearch — Breezy small-ATS	AI Engineer / Data Engineer	Moser Consulting	added
https://avasure.breezy.hr/p/fc76ef574d66-machine-learning-engineer	2026-04-24	WebSearch — Breezy small-ATS	Machine Learning Engineer	AvaSure	added
https://builtin.com/job/new-grad-applied-ai-engineer-computer-vision/3973140	2026-04-24	WebSearch — BuiltIn aggregator	New Grad Applied AI Engineer — CV	Kodiak Robotics	added
https://builtin.com/job/junior-ai-engineer/4226539	2026-04-24	WebSearch — BuiltIn aggregator	Junior AI Engineer	Q-Centrix	added
https://builtin.com/job/junior-ai-engineer-generative-ai-digital-transformation-m-f-d/6627331	2026-04-24	WebSearch — BuiltIn aggregator	Junior AI Engineer — GenAI	Sportradar	added
https://remotive.com/remote/jobs/ai-ml/ai-implementation-specialist-4469233	2026-04-24	WebSearch — Remotive aggregator	AI Implementation Specialist	Parsons Corporation	added
https://job-boards.greenhouse.io/gleanwork/jobs/4651990005	2026-04-24	greenhouse-api	Founding Forward Deployed Engineer	Glean	added
https://builtin.com/job/forward-deployed-engineer-new-grad-campus-recruiting-2026/7292257	2026-04-24	WebSearch — BuiltIn aggregator	Forward Deployed Engineer — New Grad 2026	Domino Data Lab	added
https://numrah.breezy.hr/p/b66161c6d172-machine-learning-engineer-2026	2026-04-24	WebSearch — Breezy small-ATS	Machine Learning Engineer 2026	Numrah	added
https://www.workatastartup.com/jobs/88243	2026-04-24	WebSearch — YC workatastartup	Forward Deployed Engineer	Auctor	added
https://www.workatastartup.com/jobs/78415	2026-04-24	WebSearch — YC workatastartup	Forward Deployed Engineer	HappyRobot	added
https://www.workatastartup.com/jobs/80966	2026-04-24	WebSearch — YC workatastartup	Forward Deployed Engineer	Distro	added
https://www.workatastartup.com/jobs/90537	2026-04-24	WebSearch — YC workatastartup	Forward Deploy Engineer	Stardex	added
https://himalayas.app/companies/ahead/jobs/ai-engineer-ai-services	2026-04-24	WebSearch — Himalayas aggregator	AI Engineer AI Services	AHEAD	added
https://www.usaremotejobs.app/job/projixx-ai-implementation-specialist	2026-04-24	WebSearch — aggregator	AI Implementation Specialist	Projixx	added
https://job-boards.greenhouse.io/gleanwork/jobs/4659412005	2026-04-24	greenhouse-api	Founding Forward Deployed Engineer	Glean	added
https://sumup.com/careers/positions/8446060002?gh_jid=8446060002	2026-04-24	greenhouse-api	Customer Support Agent	SumUp	added
https://sumup.com/careers/positions/8340139002?gh_jid=8340139002	2026-04-24	greenhouse-api	Customer Support Agent - DE	SumUp	added
https://sumup.com/careers/positions/8340156002?gh_jid=8340156002	2026-04-24	greenhouse-api	Customer Support Agent- French	SumUp	added
https://www.workatastartup.com/jobs/71033	2026-04-24	websearch-yc-fde-2026-04-24	Forward Deployed AI Engineer	StackAI	added
https://remotive.com/remote/jobs/ai-ml/ai-engineer-4431185	2026-04-24	websearch-remotive-2026-04-24	AI Engineer	Million Dollar Sellers	added
https://remotive.com/remote/jobs/ai-ml/associate-ai-engineer-4458472	2026-04-24	websearch-remotive-2026-04-24	Associate AI Engineer	BigBear.ai	added
https://beli.breezy.hr/p/1efa764b292e-ai-ml-engineer-intern-summer-2026	2026-04-24	websearch-breezy-2026-04-24	AI/ML Engineer Intern Summer 2026	Beli	skipped_title
https://jobs.ashbyhq.com/Promise/f0a30718-faf0-4a34-8759-0d6335fa365a	2026-04-24	websearch-newgrad-fde	Software Engineer – Forward Deployed AI (New Grad)	Promise	added
https://job-boards.greenhouse.io/appliedintuition/jobs/4600029005	2026-04-24	websearch-newgrad-fde	Forward Deployed Software Engineer - New Grad	Applied Intuition	added
https://builtin.com/job/junior-ai-engineer/6625641	2026-04-24	websearch-builtin-junior-ai	Junior AI Engineer	Navan	added
https://himalayas.app/companies/jobgether/jobs/ai-ml-engineer-model-dev-data-remote-us	2026-04-24	websearch-himalayas-ai-ml	AI/ML Engineer - Model Dev & Data (Remote - US)	Jobgether	added
https://netrix-global.breezy.hr/p/a80871698c8a-aws-machine-learning-engineer	2026-04-24	websearch-breezy-ml	AWS Machine Learning Engineer	Netrix Global	added
https://vontive.breezy.hr/p/c492bc0fb545-ai-engineer	2026-04-24	websearch-breezy-ai	AI Engineer	Vontive	added
https://www.workatastartup.com/jobs/93171	2026-04-24	websearch-yc-newgrad	New Grad Full-Stack Engineer	Confido	added
https://www.workatastartup.com/jobs/93090	2026-04-24	websearch-yc-newgrad	New Grad Software Engineer	PointOne	added
https://job-boards.greenhouse.io/newsbreak/jobs/4338876006	2026-04-25	websearch-newgrad-ml	Machine Learning Engineer (Junior & New Grad)	NewsBreak	added
https://job-boards.greenhouse.io/newsbreak/jobs/4608368006	2026-04-25	websearch-newgrad-ml	Machine Learning Engineer, Recommendation (Junior & New Grad)	NewsBreak	added
https://job-boards.greenhouse.io/nextdoorcampus/jobs/6194603	2026-04-25	websearch-newgrad-ml	Machine Learning Engineer (New Grad 2025)	Nextdoor	added
https://jobs.ashbyhq.com/elevenlabs/dd26398c-54d8-4200-a181-65e6203ec9a6	2026-04-25	websearch-fde-newgrad	Forward Deployed Engineer - Recent Graduate	ElevenLabs	added
https://job-boards.greenhouse.io/agencywithin/jobs/5056863007	2026-04-25	websearch-newgrad-ai	AI Engineer	WITHIN	added
https://job-boards.greenhouse.io/fortifyiq/jobs/4661408005	2026-04-25	websearch-newgrad-ai	Data & AI Engineer (Remote)	FortifyIQ	added
https://job-boards.greenhouse.io/sezzle/jobs/7633985003	2026-04-25	websearch-newgrad-ai	AI Engineer II (Remote)	Sezzle	added
https://himalayas.app/companies/oceans/jobs/g3-24-dv-o-ai-integration-operations-transformation-specialist	2026-04-25	websearch-ai-implementation	AI Integration & Operations Transformation Specialist	Oceans	added
https://himalayas.app/companies/msx-international/jobs/ai-digitalization-expert-4589666272	2026-04-25	websearch-ai-implementation	AI Digitalization Expert	MSX International	added
https://jobs.anitab.org/companies/nvidia/jobs/76096622-applied-ai-engineer-silicon-co-design-group-new-college-grad-2026	2026-04-25	websearch-newgrad-ai	Applied AI Engineer, Silicon Co-Design Group, New College Grad 2026	NVIDIA	added
https://job-boards.greenhouse.io/anthropic/jobs/5057647008	2026-04-25	greenhouse-api	Applied AI Engineer, Enterprise Tech	Anthropic	added
https://job-boards.greenhouse.io/anthropic/jobs/5121563008	2026-04-25	greenhouse-api	Forward Deployed Engineer	Anthropic	added
https://job-boards.greenhouse.io/intercom/jobs/7573187	2026-04-25	greenhouse-api	Solutions Engineer	Intercom	added
https://job-boards.greenhouse.io/intercom/jobs/7624926	2026-04-25	greenhouse-api	Solutions Engineer - LATAM (Portuguese Speaking)	Intercom	added
https://jobs.ashbyhq.com/vapi/72ec9643-39c2-47ae-b04e-cba4e02b0966	2026-04-25	ashby-api	Agent Strategist - NYC	Vapi	added
https://jobs.ashbyhq.com/langchain/b8dead31-212a-4b92-82a7-c42df16ae877	2026-04-25	ashby-api	Customer Engineer (West Coast)	LangChain	added
https://job-boards.greenhouse.io/anthropic/jobs/5121561008	2026-04-25	greenhouse-api	Forward Deployed Engineer	Anthropic	added
https://job-boards.greenhouse.io/loop/jobs/5780582004	2026-04-25	WebSearch — L3 NewGrad Greenhouse/Ashby	2026 New Grad Software Engineer Full-Stack	Loop	added
https://job-boards.greenhouse.io/anthropic/jobs/5079562008	2026-04-25	WebSearch — L3 NewGrad Greenhouse/Ashby	Forward Deployed Engineer Applied AI Federal Civilian	Anthropic	added
https://job-boards.greenhouse.io/airtable/jobs/8409376002	2026-04-25	WebSearch — L3 NewGrad Greenhouse/Ashby	Software Engineer New Grad 2026	Airtable	added
https://www.workatastartup.com/jobs/71705	2026-04-25	WebSearch — L3 YC New Grad	Full-Stack Engineer New Grad	Stably AI	added
https://himalayas.app/companies/pingwind/jobs/junior-artificial-intelligence-ai-machine-learning-ml-engineer	2026-04-25	WebSearch — L3 Himalayas Junior AI	Junior AI/ML Engineer	PingWind	added
https://jobs.ashbyhq.com/Chestnut/5d4fd1ec-60f3-4669-a2d2-31adf2654865	2026-04-25	WebSearch — L3 FDE NewGrad Ashby	Forward Deployed Engineer (Entry-Level / Early Career)	Chestnut	added
https://jobs.ashbyhq.com/spruceid/3d182b7f-482e-45b2-8668-f04f0b5fda8e	2026-04-25	WebSearch — L3 FDE NewGrad Ashby	Full-Stack Software Engineer (New Grad)	Spruce Systems	added
https://jobs.ashbyhq.com/brm.ai/05cad7f7-2194-480d-8e70-7338cfd2a189	2026-04-25	WebSearch — L3 NewGrad Ashby	Entry Level Software Engineer	BRM	added
https://jobs.ashbyhq.com/saris-ai/4a6cd225-edb7-4a9f-80e0-cab601a7f092	2026-04-25	WebSearch — L3 FDE Ashby	Forward Deployed Engineer (FDE)	Saris AI	added
https://jobs.ashbyhq.com/dryft/16a68334-23db-4f99-a01d-6941945e86db	2026-04-25	WebSearch — L3 FDE Ashby	Founding Forward Deployed Engineer	Dryft	added
https://jobs.ashbyhq.com/strala-ai/efa58c03-377d-4f72-92e0-f94b1e19a4d2	2026-04-25	WebSearch — L3 FDE Ashby	Forward Deployed Engineer	Strala Group	added
https://jobs.ashbyhq.com/modal/c85a3e3d-f1a5-479d-91e3-9e0b34279a82	2026-04-25	WebSearch — L3 FDE Ashby	Forward Deployed Engineer - Systems	Modal	added
https://jobs.ashbyhq.com/P-1%20AI/75c853db-4a8d-4f23-b28f-05a2231e70e6	2026-04-25	WebSearch — L3 FDE Ashby	Forward Deployed Engineer	P-1 AI	added
https://job-boards.greenhouse.io/sayari/jobs/4053403009	2026-04-26	websearch-fde	Forward Deployed Engineer, CE	Sayari	added
https://job-boards.greenhouse.io/lyratechgroup/jobs/5195593008	2026-04-26	websearch-fde	Forward Deployment AI Engineer	Lyra Technology Group	added
https://job-boards.greenhouse.io/scaleai/jobs/4506215005	2026-04-26	websearch-fde	Forward Deployed Engineer - New Grad	Scale AI	added
https://adaptiveteams.teamtailor.com/jobs/6978078-automation-ai-engineer	2026-04-26	websearch-teamtailor	Automation & AI Engineer	Adaptive Teams	added
https://jobs.lever.co/palantir/2aa14e4f-d406-486e-9aa8-6ff3358d70a0	2026-04-26	websearch-l3-newgrad	Forward Deployed Software Engineer, New Grad - Commercial	Palantir	added
https://jobs.lever.co/agiloft/e85a0460-4a4c-48b4-a42e-0ff4f124d890	2026-04-26	websearch-l3-fde	Forward Deployed Engineer - AI Solutions	Agiloft	added
https://jobs.lever.co/aircall/4965256f-b814-46a5-b6f6-e83bec714120	2026-04-26	websearch-l3-fde	Forward Deployed Engineer	Aircall	added
https://job-boards.greenhouse.io/furtherearlycareer/jobs/8025647002	2026-04-26	websearch-l3-newgrad	Data and Machine Learning Engineers (Early Career)	Further	added
https://job-boards.greenhouse.io/helmai/jobs/4608044005	2026-04-26	websearch-l3-newgrad	Machine Learning Engineer	Helm.ai	added
https://innodatainc.recruitee.com/o/aiml-research-engineer-llm-post-training-evaluation	2026-04-26	websearch-l3-recruitee	AI/ML Research Engineer, LLM Post-Training & Evaluation	Innodata	added
https://addepto.recruitee.com/o/ai-engineer	2026-04-26	websearch-l3-recruitee	AI Engineer	Addepto	added
https://adaptiveteams.teamtailor.com/jobs/7583310-junior-ai-agent-builder	2026-04-26	websearch-l3-teamtailor	Junior AI Agent Builder	Adaptive Teams	added
https://moser-consulting.breezy.hr/p/8a9cb5e30d08-machine-learning-ml-data-engineer	2026-04-26	websearch-l3-breezy	Machine Learning / Data Engineer	Moser Consulting	added
https://apply.workable.com/aerones/j/1776952DCB/	2026-04-26	websearch-l3-workable	Applied AI Engineer	Aerones	added
https://apply.workable.com/neurohire-dot-a-i/j/23AB9552F9/	2026-04-26	websearch-l3-workable	AI Engineer	neurohire.ai	added
https://apply.workable.com/getsubstance/j/587184A15D/	2026-04-26	websearch-l3-workable	Artificial Intelligence (AI) Engineers	Substance	added
https://apply.workable.com/eluvio/j/A349A0D2AF	2026-04-26	websearch-l3-workable	Software Engineer New Grad	Eluvio	added
https://siili.teamtailor.com/jobs/6640303-ai-engineer	2026-04-26	websearch-l3-teamtailor	AI Engineer	Siili Solutions	added
https://ascendingai.recruitee.com/o/software-engineer-agentic-infrastructure	2026-04-26	websearch-l3-recruitee	Software Engineer - Agentic Infrastructure	Ascending AI	added
https://job-boards.greenhouse.io/offerup/jobs/7739995	2026-04-26	websearch-l3-greenhouse	AI Engineer	OfferUp	added
https://job-boards.greenhouse.io/buzzsolutions/jobs/5195601008	2026-04-26	websearch-l3-greenhouse	Computer Vision & Machine Learning Engineer	Buzz Solutions	added
https://job-boards.greenhouse.io/metropolis/jobs/7517689003	2026-04-26	websearch-l3-greenhouse	Machine Learning Engineer, Computer Vision	Metropolis	added
https://jobs.ashbyhq.com/vitvio/efe1ff34-8668-4c12-991d-624daa77214d	2026-04-26	websearch-l3-ashby	Machine Learning Engineer, Computer Vision	VitVio	added
https://netrix-global.breezy.hr/p/08838d85975c-machine-learning-engineer	2026-04-26	websearch-l3-breezy	Machine Learning Engineer	Netrix Global	added
https://netrix-global.breezy.hr/p/ae6b1a45ad39-azure-machine-learning-engineer	2026-04-26	websearch-l3-breezy	Azure Machine Learning Engineer	Netrix Global	added
https://job-boards.greenhouse.io/celonis/jobs/7696087003?gh_jid=7696087003	2026-04-27	greenhouse-api	Client Engagement Partner - AI-Driven Transformation & Process Intelligence	Celonis	added
https://job-boards.greenhouse.io/celonis/jobs/7714520003?gh_jid=7714520003	2026-04-27	greenhouse-api	Client Value Partner - AI-Driven Transformation & Process Intelligence	Celonis	added
https://job-boards.greenhouse.io/celonis/jobs/7669258003?gh_jid=7669258003	2026-04-27	greenhouse-api	Client Value Partner (CVP) - AI-Driven Transformation & Process Intelligence	Celonis	added
https://jobs.ashbyhq.com/perplexity/aa511ea8-96e3-42ba-b28f-5e222170bcee	2026-04-27	WebSearch — L3 Ashby FDE	Forward Deployed Engineer - Applied AI	Perplexity	added
https://jobs.ashbyhq.com/synthflow/575cc030-79c1-45a5-a2f0-7a32071c5411	2026-04-27	WebSearch — L3 Ashby FDE	Forward Deployed Engineer	Synthflow AI	added
https://jobs.ashbyhq.com/osmo/7f37ca45-489e-40a7-8940-41e6aebb9d21	2026-04-27	WebSearch — L3 Ashby FDE	Forward Deployed AI Engineer - Enterprise Solutions	Osmo	added
https://jobs.ashbyhq.com/generalrobotics/eb20207f-f021-4b78-9454-bd1b7355ae83	2026-04-27	WebSearch — L3 Ashby FDE	Forward Deployed Engineer (AI)	General Robotics	added
https://jobs.ashbyhq.com/Forward%20Financing/1b955d68-79af-41da-a959-59620dfe04a1	2026-04-27	WebSearch — L3 Ashby Applied	Applied AI Engineer	Forward Financing	added
https://job-boards.greenhouse.io/impiricus/jobs/5195577008	2026-04-27	WebSearch — L3 Greenhouse Remote-US	AI Engineer	Impiricus	added
https://job-boards.greenhouse.io/future/jobs/4683133005	2026-04-27	WebSearch — L3 Greenhouse Remote-US	Applied AI Engineer	Future	added
https://job-boards.greenhouse.io/devrev/jobs/5668875004	2026-04-27	WebSearch — L3 Greenhouse Remote-US	Forward Deployed Engineer	DevRev	added
https://job-boards.greenhouse.io/doitintl/jobs/7707531003	2026-04-27	WebSearch — L3 Greenhouse Remote-EU	Applied AI Engineer	DoiT	added
https://job-boards.greenhouse.io/celonis/jobs/7683568003?gh_jid=7683568003	2026-04-27	greenhouse-api	Client Engagement Partner - AI-Driven Transformation & Process Intelligence	Celonis	added
https://apply.workable.com/huggingface/j/A3879724CD	2026-04-27	websearch-l3-workable	Cloud Machine Learning Engineer	Hugging Face	added
https://apply.workable.com/huggingface/j/890897DBC6	2026-04-27	websearch-l3-workable	Machine Learning Engineer, Fast Optimized Inference	Hugging Face	added
https://apply.workable.com/huggingface/j/6DBAC48BB7	2026-04-27	websearch-l3-workable	Machine Learning Engineer, WebML	Hugging Face	added
https://remotive.com/remote/jobs/ai-ml/applied-ai-engineer-4471342	2026-04-27	websearch-l3-remotive	Applied AI Engineer	BioRender	added
https://tooploox.teamtailor.com/jobs/6973373-ai-engineer	2026-04-27	websearch-l3-teamtailor	AI Engineer	Tooploox	added
https://mind-computing.breezy.hr/p/edde74233ea2-ai-engineer-remote	2026-04-27	websearch-breezy-ai	AI Engineer (Remote)	Mind Computing	added
https://sinai.breezy.hr/p/c2f2e933a655-ai-engineer	2026-04-27	websearch-breezy-ai	AI Engineer	SINAI Technologies	added
https://velox.breezy.hr/p/42dadbd6181a-artificial-ai-engineer	2026-04-27	websearch-breezy-ai	Artificial AI Engineer	VELOX	added
https://job-boards.greenhouse.io/10alabs/jobs/4002004009	2026-04-27	websearch-newgrad-ai	AI Red Teamer (Entry Level)	10a Labs	added
https://job-boards.greenhouse.io/augmentcomputing/jobs/4680036008	2026-04-27	websearch-newgrad-ai	Applied AI Engineer	Augment Code	added
https://jobs.ashbyhq.com/lorikeet/0c72da73-cd31-4702-b9f1-c26b20932702	2026-04-27	websearch-fde	Forward Deployed AI Engineer	Lorikeet	added
https://jobs.ashbyhq.com/Hippocratic%20AI/bf52b86b-ef5d-4826-bad9-5132ffd8eb57	2026-04-27	websearch-fde	Junior Forward Deployment Engineer (Contract)	Hippocratic AI	added
https://job-boards.greenhouse.io/sezzle/jobs/7710043003	2026-04-27	websearch-newgrad-ai	AI Engineering I - Marketing	Sezzle	added
https://job-boards.greenhouse.io/sezzle/jobs/7633952003	2026-04-27	websearch-newgrad-ai	AI Engineer I (Remote)	Sezzle	added
https://jobs.ashbyhq.com/supabase/14a99b8b-444b-4d28-b4fd-6fa8e71bcb4e	2026-04-27	ashby-api	AI Tooling Engineer	Supabase	added
https://jobs.ashbyhq.com/firecrawl/e1543e63-bc33-48df-a823-24c3241748ee	2026-04-27	websearch-fde	Forward Deployed Engineer (Integrations)	Firecrawl	added
https://jobs.ashbyhq.com/ascertain/d7dbc66f-2c0b-4ee0-9b92-305a243994bb	2026-04-27	websearch-fde	Forward Deployed Engineer - Remote	Ascertain	added
https://jobs.ashbyhq.com/benchling/b3c9b312-6e2b-4dbc-9b15-0b0310d75a7f	2026-04-27	websearch-newgrad	Software Engineer, New Grad (2026)	Benchling	added
https://job-boards.greenhouse.io/figma/jobs/5616603004	2026-04-27	websearch-newgrad	Early Career, Software Engineer (2026)	Figma	added
https://job-boards.greenhouse.io/sigmacomputing/jobs/7639838003	2026-04-27	websearch-newgrad	Software Engineer (New Grad Program)	Sigma Computing	added
https://job-boards.greenhouse.io/deepintent/jobs/5979052004	2026-04-27	websearch-applied-ai	Applied AI Engineer	DeepIntent	added
https://www.workatastartup.com/jobs/85445	2026-04-27	websearch-yc	Forward Deployed Engineer	Phonely	added
https://www.workatastartup.com/jobs/76656	2026-04-27	websearch-yc	Founding Engineer	Dex	added
https://remotive.com/remote/jobs/ai-ml/applied-ai-engineer-agent-intelligence-retrieval-3227287	2026-04-27	websearch-aggregator	Applied AI Engineer - Agent Intelligence & Retrieval	Littlebird	added
https://remotive.com/remote/jobs/software-development/applied-ai-engineer-4116761	2026-04-27	websearch-aggregator	Applied AI Engineer	Axiomatic AI	added
https://remotive.com/remote/jobs/ai-ml/applied-ai-engineer-4468950	2026-04-27	websearch-aggregator	Applied AI Engineer	Amigo	added
https://himalayas.app/companies/oneforma/jobs/ai-engineer	2026-04-27	websearch-aggregator	AI Engineer	OneForma	added
https://himalayas.app/companies/defense-unicorns/jobs/forward-deployed-ai-engineer-7929817277	2026-04-27	websearch-aggregator	Forward Deployed AI Engineer	Defense Unicorns	added
https://jobs.ashbyhq.com/supabase/847a7bd7-6b75-444a-aeda-d0b28a11c764	2026-04-27	ashby-api	Platform Engineer - Multicloud	Supabase	added
https://job-boards.greenhouse.io/hightouch/jobs/5982446004	2026-04-28	greenhouse-api	AI Creative Technologist	Hightouch	added
https://himalayas.app/companies/red-hat/jobs/forward-deployed-engineer-ai-inference-vllm-and-kubernetes	2026-04-28	WebSearch — Himalayas L3	Forward Deployed Engineer AI Inference (vLLM + Kubernetes)	Red Hat	added
https://himalayas.app/companies/unison/jobs/ai-engineer-u-s-remote	2026-04-28	WebSearch — Himalayas L3	AI Engineer (U.S. Remote)	Unison	added
https://remotive.com/remote/jobs/ai-ml/applied-ai-engineer-4496244	2026-04-28	WebSearch — Remotive L3	Applied AI Engineer	Built In	added
https://himalayas.app/companies/amdaris/jobs/ai-forward-deployed-engineer	2026-04-28	WebSearch — Himalayas L3	AI Forward Deployed Engineer	Amdaris	added
https://himalayas.app/companies/ddn/jobs/forward-deployed-engineer-ai-hpc-infrastructure	2026-04-28	WebSearch — Himalayas L3	Forward Deployed Engineer (AI & HPC Infrastructure)	DDN	added
https://remotive.com/remote/jobs/ai-ml/ai-engineer-4466230	2026-04-28	WebSearch — Remotive L3	AI Engineer	Weekday AI	added
https://job-boards.greenhouse.io/anthropic/jobs/5111942008	2026-04-28	WebSearch — L3 Greenhouse	Applied AI Engineer, Life Sciences (Beneficial Deployments)	Anthropic	added
https://job-boards.greenhouse.io/snorkelai/jobs/5709067004	2026-04-28	WebSearch — L3 Greenhouse	Applied AI Engineer - AI Solutions	Snorkel AI	added
https://job-boards.greenhouse.io/snorkelai/jobs/5721276004	2026-04-28	WebSearch — L3 Greenhouse	Applied AI Engineer - Federal	Snorkel AI	added
https://himalayas.app/companies/sezzle/jobs/ai-engineer-i-5463338242	2026-04-28	WebSearch — L3 Himalayas	AI Engineer I	Sezzle	added
https://himalayas.app/companies/permitflow/jobs/analytics-engineer-new-grad	2026-04-28	WebSearch — L3 Himalayas	Analytics Engineer (New Grad)	PermitFlow	added
https://builtin.com/job/forward-deployed-ai-engineer/4748129	2026-04-28	WebSearch — L3 BuiltIn	Forward Deployed AI Engineer	DatologyAI	added
https://builtin.com/job/forward-deployed-ai-engineer/4719018	2026-04-28	WebSearch — L3 BuiltIn	Forward Deployed AI Engineer	MongoDB	added
https://jobs.ashbyhq.com/tessera-labs/b65634c1-29f6-47e4-8743-d283fddfa28a	2026-04-28	WebSearch — L3 Ashby	Forward-Deployed Engineer (Pre-Sales)	Tessera Labs	added
https://jobs.ashbyhq.com/P-1%20AI/0be87478-22fd-4a03-b1d2-553347f87cf1	2026-04-28	WebSearch — L3 Ashby	Forward Deployed Engineer	P-1 AI	added
https://himalayas.app/companies/databricks/jobs/ai-engineer-fde-forward-deployed-engineer-5620577413	2026-04-28	WebSearch — L3 Himalayas	AI Engineer - FDE (Forward Deployed Engineer)	Databricks	added
https://glacis.breezy.hr/p/cfc3968d5357-founding-forward-deployed-engineer	2026-04-28	websearch-level3-overnight	Founding Forward Deployed Engineer	Glacis	added
https://archangelautonomy.breezy.hr/p/66cb63036be601-forward-deployed-software-engineer	2026-04-28	websearch-level3-overnight	Forward Deployed Software Engineer	Archangel Autonomy	added
https://bungalow.breezy.hr/p/8fdae10e1b10-software-engineer-forward-deploy	2026-04-28	websearch-level3-overnight	Software Engineer Forward Deploy	Bungalow	added
https://himalayas.app/companies/langchain/jobs/deployed-engineer-phoenix	2026-04-28	websearch-level3-overnight	Deployed Engineer (Phoenix)	LangChain	added
https://himalayas.app/companies/remote-office/jobs/ai-automation-engineer	2026-04-28	websearch-level3-overnight	AI Automation Engineer	Remote Office	added
https://jobs.ashbyhq.com/Arlo/18923aa2-a029-43d8-8fd6-1cf883f14ef8	2026-04-28	WebSearch — Ashby Applied AI	Applied AI Engineer	Arlo	added
https://jobs.ashbyhq.com/delphi/472c06df-6934-4fbb-8872-bdfae08d62fc	2026-04-28	WebSearch — Ashby Applied AI	Applied AI Engineer	Delphi	added
https://jobs.ashbyhq.com/hipeople-official/6c330d7b-7c6d-4993-8893-b58b5289d442	2026-04-28	WebSearch — Ashby Applied AI	Applied AI Engineer Systems Reliability	HiPeople	added
https://www.workatastartup.com/jobs/91400	2026-04-28	WebSearch — YC FDE	Founding Forward Deployed Engineer	The Prompting Company	added
https://himalayas.app/companies/jobgether/jobs/ai-engineer-enterprise-ai-enablement-remote-us	2026-04-28	WebSearch — Himalayas Aggregator	AI Engineer Enterprise AI Enablement	Jobgether	added
https://himalayas.app/companies/tiger-analytics/jobs/genai-engineer	2026-04-28	WebSearch — Himalayas Aggregator	GenAI Engineer	Tiger Analytics	added
https://urrly.breezy.hr/p/d6e8f8609e72-ai-automation-engineer-remote	2026-04-28	WebSearch — Small-ATS BreezyHR	AI Automation Engineer	Urrly	added
https://techseed.teamtailor.com/jobs/7528600-ai-engineer	2026-04-28	WebSearch — Small-ATS TeamTailor	AI Engineer	TechSeed	added
https://jobs.lever.co/thinkahead/ed0d01dc-3cf0-4693-b770-560609612056	2026-04-28	WebSearch — Lever FDE	AI Practitioner Forward Deployed Engineer	AHEAD	added
https://job-boards.greenhouse.io/deepmind/jobs/7065652	2026-04-28	WebSearch — Greenhouse FDE	Forward Deployment Engineer Applied AI	DeepMind	added
https://job-boards.greenhouse.io/anthropic/jobs/5201506008	2026-04-29	greenhouse-api	Regulatory Counsel, Content & Frontier AI Regulation	Anthropic	added
https://jobs.ashbyhq.com/lovable/59d85cf1-104b-48cb-956c-bed73ef934c9	2026-04-29	ashby-api	AI Researcher, Post Training	Lovable	added
https://jobs.ashbyhq.com/withclutch/888a232e-6680-45fc-8992-608f70b81c82	2026-04-29	WebSearch — L3 Ashby FDE	Forward Deployed Engineer	Clutch	added
https://jobs.ashbyhq.com/Serval/f55f33e2-f273-4267-b94d-5c94fdcac7d6	2026-04-29	WebSearch — L3 Ashby FDE	Forward Deployed Engineer	Serval	added
https://jobs.ashbyhq.com/varick-agents/15a99eff-beb7-4c35-8240-8e1bfd2d912b	2026-04-29	WebSearch — L3 Ashby FDE	Forward Deployed Engineer	Varick Agents	added
https://remotive.com/remote/jobs/ai-ml/ai-platform-engineer-llm-agents-rag-3755764	2026-04-29	WebSearch — L3 Remotive RAG	AI Platform Engineer - LLM Agents & RAG	Signant Health	added
https://himalayas.app/companies/apptegy/jobs/ai-operations-engineer	2026-04-29	WebSearch — L3 Himalayas	AI Operations Engineer	Apptegy	added
https://himalayas.app/companies/jobgether/jobs/ai-operations-engineer-remote-us	2026-04-29	WebSearch — L3 Himalayas	AI Operations Engineer	Jobgether	added
https://himalayas.app/companies/red-hat/jobs/forward-deployed-ai-engineer-customer-adoption-and-innovation	2026-04-29	WebSearch — L3 Himalayas	Forward Deployed AI Engineer	Red Hat	added
https://job-boards.greenhouse.io/remotepeople/jobs/4843110101	2026-04-29	WebSearch — L3 Greenhouse	AI Engineer	Remote People	added
https://www.workatastartup.com/jobs/81810	2026-04-29	WebSearch — L3 YC WaaS	Forward Deployed Engineer (NY)	VetRec	added
https://remotive.com/remote/jobs/artificial-intelligence/ai-engineer-application-development-4512742	2026-04-29	WebSearch — L3 Remotive	AI Engineer - Application Development	CACI International	added
https://job-boards.greenhouse.io/atomicwork/jobs/5073381008	2026-04-29	WebSearch — L3 Greenhouse Applied AI	Applied AI Engineer	Atomicwork	added
https://job-boards.greenhouse.io/automatticcareers/jobs/7558576	2026-04-29	WebSearch — L3 Greenhouse Applied AI	Applied AI Engineer	Automattic	added
https://www.workatastartup.com/jobs/93159	2026-04-29	websearch-yc-fde	Founding Forward Deployed Engineer	Avent	added
https://job-boards.greenhouse.io/traversal/jobs/4983321008	2026-04-29	WebSearch — L3 Greenhouse New Grad	AI Engineer - New Grad	Traversal	added
https://www.workatastartup.com/jobs/77473	2026-04-29	WebSearch — L3 YC FDE	Forward Deployed Engineer (New grads ok)	FurtherAI	added
https://job-boards.greenhouse.io/stubhubinc/jobs/4739105101	2026-04-29	WebSearch — L3 Greenhouse New Grad	Software Engineer I - Direct Issuance (New Grad)	StubHub	added
https://jobs.ashbyhq.com/adaptive-ml/360ea776-27f1-4869-900f-6ebb78267aa2	2026-04-29	WebSearch — L3 Ashby FDE	Forward Deployed AI Engineer	Adaptive ML	added
https://continued.breezy.hr/p/84c16df98c29-ai-engineer-remote	2026-04-29	WebSearch — L3 BreezyHR	AI Engineer (Remote)	Continued	added
https://vontive.breezy.hr/p/c492bc0fb545-ai-engineer	2026-04-29	WebSearch — L3 BreezyHR	AI Engineer	Vontive	added
https://elsa.teamtailor.com/jobs/7340954-ai-engineer-remote	2026-04-29	WebSearch — L3 TeamTailor	AI Engineer (Remote)	ELSA	added
https://www.workatastartup.com/jobs/87890	2026-04-29	WebSearch — L3 YC FDE	Forward Deployed AI Engineer (remote)	Dot	added
https://www.workatastartup.com/jobs/74608	2026-04-29	WebSearch — L3 YC FDE	Forward Deployed Engineer	Extend	added
https://www.workatastartup.com/jobs/89154	2026-04-29	WebSearch — L3 YC FDE	Full Stack Software Engineer	JustAI	added
https://job-boards.greenhouse.io/bandwidth/jobs/7844136	2026-04-29	WebSearch — L3 Greenhouse Applied AI	Applied AI Engineer	Bandwidth	added
https://apply.workable.com/talentpluto/j/EAC9E37E18	2026-04-29	WebSearch — L3 Workable FDE	Forward Deployed Engineer	TalentPluto	added
https://job-boards.greenhouse.io/cresta/jobs/5107283008	2026-04-29	WebSearch — L3 Greenhouse FDE	Forward Deployed Engineer (AI Agent)	Cresta	added
https://job-boards.greenhouse.io/warp/jobs/5749183004	2026-04-29	WebSearch — L3 Greenhouse FDE	Forward Deployed Engineer	Warp	added
https://job-boards.greenhouse.io/defenseunicorns/jobs/4980238007	2026-04-29	WebSearch — L3 Greenhouse FDE	Forward Deployed AI Engineer	Defense Unicorns	added
https://job-boards.greenhouse.io/knak/jobs/4683178005	2026-04-29	WebSearch — L3 Greenhouse FDE	Forward Deployed Engineer (AI Internal Tools)	Knak	added
https://job-boards.greenhouse.io/vannevarlabs/jobs/4172610007	2026-04-29	WebSearch — L3 Greenhouse FDE	Forward Deployed Engineer	Vannevar Labs	added
https://apply.workable.com/palona/j/BF974A3327	2026-04-29	WebSearch — L3 Workable FDE	Forward Deployed Engineer	Palona AI	added
https://job-boards.greenhouse.io/datacor/jobs/4962021007	2026-04-29	WebSearch — L3 Greenhouse Intern	Summer 2026 AI Engineer Intern	Datacor	added
https://www.workatastartup.com/jobs/89156	2026-04-29	WebSearch — L3 YC WaaS Intern	Software Engineering Intern (Forward Deployed)	Crustdata	added
https://job-boards.greenhouse.io/postman/jobs/6535743003	2026-04-29	WebSearch — FDE Greenhouse	Forward Deployed Engineer	Postman	added
https://job-boards.greenhouse.io/workato/jobs/8437707002	2026-04-29	WebSearch — FDE Greenhouse	Forward Deployed Engineer (Agentic AI)	Workato	added
https://job-boards.greenhouse.io/niraenergy/jobs/4964468008	2026-04-29	WebSearch — FDE Greenhouse	Forward Deployed Engineer	Nira Energy	added
https://job-boards.greenhouse.io/forerunner/jobs/4716512007	2026-04-29	WebSearch — FDE Greenhouse	Forward Deployed Engineer	Forerunner	added
https://jobs.ashbyhq.com/new-quest-ai/ccacbf3f-d452-482f-8d0e-9e506e050f13	2026-04-29	WebSearch — Applied AI Ashby	Founding Applied AI Engineer	Quest	added
https://jobs.ashbyhq.com/sygaldry-technologies/7c37a4a4-68e1-4bad-8c37-42d1baa83e5a	2026-04-29	WebSearch — Applied AI Ashby	Applied AI Engineer Product GTM	Sygaldry Technologies	added
https://www.workatastartup.com/jobs/83441	2026-04-29	WebSearch — Founding YC	Founding AI / ML Engineer	Concourse	added
https://www.workatastartup.com/jobs/74582	2026-04-29	WebSearch — Founding YC	Founding AI Engineer	Synth	added
https://www.workatastartup.com/jobs/66546	2026-04-29	WebSearch — Founding YC	Founding AI Engineer	Modern Realty	added
https://jobs.lever.co/jobgether/c45ce63c-b0c4-432e-8178-587a1219d0ce	2026-04-29	WebSearch — AI Lever	Applied AI Engineer (Remote from US)	Jobgether	added
https://jobs.lever.co/panopto/4c4fe959-597b-493f-bc08-a3a268153a32	2026-04-29	WebSearch — AI Lever	AI Engineer	Panopto	added
https://jobs.lever.co/remofirst/57ccc891-fd85-4cce-b64d-4911d0e2c098	2026-04-29	WebSearch — AI Lever	AI Engineer	RemoFirst	added
https://job-boards.greenhouse.io/vannevarlabs/jobs/4252109007	2026-04-29	WebSearch — FDE Greenhouse	Cleared Forward Deployed Engineer	Vannevar Labs	added
https://job-boards.greenhouse.io/runpod/jobs/5082425008	2026-04-29	WebSearch — FDE Greenhouse	Forward Deployed Engineer (EMEA)	Runpod	added
